generator,difficulty,n_judges,pass_rate,mean_score
DeepSeekMath-7B-Instruct,5.0,3,0.26556776556776557,0.6306776556776557
DeepSeekMath-7B-Instruct,5.5,3,0.2673992673992674,0.580952380952381
DeepSeekMath-7B-Instruct,6.0,3,0.6190476190476191,0.7248809523809524
DeepSeekMath-7B-Instruct,6.5,3,0.21428571428571427,0.5245238095238095
DeepSeekMath-7B-Instruct,7.0,3,0.09523809523809523,0.44428571428571434
DeepSeekMath-7B-Instruct,7.5,3,0.0,0.5866666666666667
DeepSeekMath-7B-Instruct,8.0,3,0.16666666666666666,0.5064285714285715
DeepSeekMath-7B-Instruct,8.5,3,0.13333333333333333,0.222
DeepSeekMath-7B-Instruct,9.0,3,0.16666666666666666,0.5114285714285715
DeepSeekMath-7B-Instruct,9.5,3,0.16666666666666666,0.3676190476190477
DeepSeekMath-7B-Instruct,10.0,3,0.5238095238095238,0.6890018315018315
DeepSeekMath-7B-RL,5.0,3,0.30586080586080583,0.6505311355311355
DeepSeekMath-7B-RL,5.5,3,0.47222222222222227,0.6369047619047619
DeepSeekMath-7B-RL,6.0,3,0.5952380952380952,0.7363095238095237
DeepSeekMath-7B-RL,6.5,3,0.3333333333333333,0.6166666666666667
DeepSeekMath-7B-RL,7.0,3,0.2380952380952381,0.5576190476190476
DeepSeekMath-7B-RL,7.5,3,0.3333333333333333,0.5033333333333333
DeepSeekMath-7B-RL,8.0,3,0.43772893772893773,0.6783333333333333
DeepSeekMath-7B-RL,8.5,3,0.19999999999999998,0.438
DeepSeekMath-7B-RL,9.0,3,0.2619047619047619,0.5505494505494506
DeepSeekMath-7B-RL,9.5,3,0.3333333333333333,0.5062337662337663
DeepSeekMath-7B-RL,10.0,3,0.6904761904761906,0.7457142857142857
Gemma4-E4B (non-thinking),5.0,3,0.8260073260073261,0.8816666666666667
Gemma4-E4B (non-thinking),5.5,3,0.9523809523809524,0.9198809523809524
Gemma4-E4B (non-thinking),6.0,3,0.9523809523809524,0.9267857142857142
Gemma4-E4B (non-thinking),6.5,3,0.8571428571428571,0.8695238095238095
Gemma4-E4B (non-thinking),7.0,3,0.8095238095238096,0.8034523809523809
Gemma4-E4B (non-thinking),7.5,3,1.0,0.86
Gemma4-E4B (non-thinking),8.0,3,0.8571428571428571,0.883095238095238
Gemma4-E4B (non-thinking),8.5,3,0.5333333333333333,0.608
Gemma4-E4B (non-thinking),9.0,3,0.8333333333333334,0.8070238095238095
Gemma4-E4B (non-thinking),9.5,3,0.8095238095238094,0.7869047619047619
Gemma4-E4B (non-thinking),10.0,3,0.8809523809523809,0.8733333333333334
Gemma4-E4B (thinking),5.0,3,0.0,0.0
Gemma4-E4B (thinking),5.5,3,0.047619047619047616,0.0
Gemma4-E4B (thinking),6.0,3,0.0,0.0
Gemma4-E4B (thinking),6.5,3,0.0,0.0
Gemma4-E4B (thinking),7.0,3,0.0,0.0
Gemma4-E4B (thinking),7.5,3,0.0,0.0
Gemma4-E4B (thinking),8.0,3,0.0,0.0
Gemma4-E4B (thinking),8.5,3,0.0,0.0
Gemma4-E4B (thinking),9.0,3,0.0,0.0
Gemma4-E4B (thinking),9.5,3,0.0,0.0
Gemma4-E4B (thinking),10.0,3,0.023809523809523808,0.0
Qwen2.5-Math-7B,5.0,3,0.6666666666666666,0.8263003663003663
Qwen2.5-Math-7B,5.5,3,0.6904761904761906,0.8736904761904762
Qwen2.5-Math-7B,6.0,3,0.9267399267399267,0.886547619047619
Qwen2.5-Math-7B,6.5,3,0.4761904761904762,0.7832142857142858
Qwen2.5-Math-7B,7.0,3,0.36904761904761907,0.728452380952381
Qwen2.5-Math-7B,7.5,3,1.0,0.9366666666666666
Qwen2.5-Math-7B,8.0,3,0.5586080586080585,0.7732142857142857
Qwen2.5-Math-7B,8.5,3,0.39999999999999997,0.5233333333333333
Qwen2.5-Math-7B,9.0,3,0.5238095238095238,0.6366666666666667
Qwen2.5-Math-7B,9.5,3,0.4285714285714286,0.5947619047619047
Qwen2.5-Math-7B,10.0,3,0.6428571428571429,0.7977380952380951
Qwen3-8B (non-thinking),5.0,3,0.9047619047619048,0.9113186813186814
Qwen3-8B (non-thinking),5.5,3,0.7344322344322345,0.9107142857142857
Qwen3-8B (non-thinking),6.0,3,0.9761904761904763,0.9496153846153846
Qwen3-8B (non-thinking),6.5,3,0.7069597069597068,0.8613095238095237
Qwen3-8B (non-thinking),7.0,3,0.6593406593406593,0.8016666666666667
Qwen3-8B (non-thinking),7.5,3,1.0,0.975
Qwen3-8B (non-thinking),8.0,3,0.8333333333333334,0.8748809523809523
Qwen3-8B (non-thinking),8.5,3,0.26666666666666666,0.562
Qwen3-8B (non-thinking),9.0,3,0.7527472527472527,0.8061904761904762
Qwen3-8B (non-thinking),9.5,3,0.7380952380952381,0.7933333333333333
Qwen3-8B (non-thinking),10.0,3,0.8571428571428571,0.8840476190476191
Qwen3-8B (thinking),5.0,3,0.7142857142857143,0.9057142857142857
Qwen3-8B (thinking),5.5,3,0.8571428571428572,0.9302380952380952
Qwen3-8B (thinking),6.0,3,0.9523809523809524,0.9523809523809524
Qwen3-8B (thinking),6.5,3,0.880952380952381,0.9269047619047619
Qwen3-8B (thinking),7.0,3,0.7380952380952381,0.8502380952380952
Qwen3-8B (thinking),7.5,3,1.0,0.9266666666666666
Qwen3-8B (thinking),8.0,3,0.8315018315018315,0.8489285714285714
Qwen3-8B (thinking),8.5,3,0.6,0.781
Qwen3-8B (thinking),9.0,3,0.6666666666666666,0.8466117216117216
Qwen3-8B (thinking),9.5,3,0.7380952380952381,0.7766666666666667
Qwen3-8B (thinking),10.0,3,0.9523809523809524,0.9367857142857142
